{
    "{\"avaliacao_id\": \"175574\", \"curso_id\": \"175568\", \"estudante_id\": \"76404\", \"filename\": \"69942.jpg\"}": {
        "qrcode": {
            "curso_id": "175568",
            "avaliacao_id": "175574",
            "estudante_id": "76404",
            "filename": "69942.jpg"
        },
        "campo_de_presenca": {
            "0": "Marcado",
            "1": null,
            "2": null,
            "3": null
        },
        "questoes_retangulos": {
            "questao_1": [
                1
            ],
            "questao_2": [
                3
            ],
            "questao_3": [
                0
            ],
            "questao_4": [
                3
            ],
            "questao_5": [
                3
            ],
            "questao_6": [
                3
            ],
            "questao_7": [
                1
            ],
            "questao_8": [
                2
            ],
            "questao_9": [
                2
            ],
            "questao_10": [
                2
            ],
            "questao_11": [
                2
            ],
            "questao_12": [
                3
            ],
            "questao_13": [
                2
            ],
            "questao_14": [
                2
            ],
            "questao_15": [
                3
            ],
            "questao_16": [
                0
            ],
            "questao_17": [
                2
            ],
            "questao_18": [
                0
            ],
            "questao_19": [
                2
            ],
            "questao_20": [
                3
            ],
            "questao_21": [
                2
            ],
            "questao_22": [
                0
            ],
            "questao_23": [
                1
            ],
            "questao_24": [
                1
            ],
            "questao_25": [
                3
            ],
            "questao_26": [
                2
            ],
            "questao_27": [
                0
            ],
            "questao_28": [
                3
            ],
            "questao_29": [
                1
            ],
            "questao_30": [
                2
            ],
            "questao_31": [
                1
            ],
            "questao_32": null,
            "questao_33": null,
            "questao_34": [
                1
            ],
            "questao_35": [
                1
            ],
            "questao_36": [
                1
            ],
            "questao_37": [
                3
            ],
            "questao_38": [
                1
            ],
            "questao_39": null,
            "questao_40": null,
            "questao_41": null,
            "questao_42": null,
            "questao_43": null,
            "questao_44": null
        }
    },
    "{\"avaliacao_id\": \"175574\", \"curso_id\": \"175568\", \"estudante_id\": \"76410\", \"filename\": \"69946.jpg\"}": {
        "qrcode": {
            "curso_id": "175568",
            "avaliacao_id": "175574",
            "estudante_id": "76410",
            "filename": "69946.jpg"
        },
        "campo_de_presenca": {
            "0": "Marcado",
            "1": null,
            "2": null,
            "3": null
        },
        "questoes_retangulos": {
            "questao_1": [
                1
            ],
            "questao_2": [
                3
            ],
            "questao_3": [
                0
            ],
            "questao_4": [
                3
            ],
            "questao_5": [
                3
            ],
            "questao_6": [
                3
            ],
            "questao_7": null,
            "questao_8": null,
            "questao_9": null,
            "questao_10": null,
            "questao_11": null,
            "questao_12": [
                3
            ],
            "questao_13": [
                2
            ],
            "questao_14": [
                2
            ],
            "questao_15": [
                3
            ],
            "questao_16": [
                0
            ],
            "questao_17": [
                2
            ],
            "questao_18": null,
            "questao_19": null,
            "questao_20": null,
            "questao_21": null,
            "questao_22": null,
            "questao_23": [
                0
            ],
            "questao_24": [
                0
            ],
            "questao_25": [
                3
            ],
            "questao_26": [
                2
            ],
            "questao_27": [
                0
            ],
            "questao_28": [
                3
            ],
            "questao_29": [
                1
            ],
            "questao_30": null,
            "questao_31": null,
            "questao_32": null,
            "questao_33": null,
            "questao_34": [
                1
            ],
            "questao_35": [
                0
            ],
            "questao_36": [
                1
            ],
            "questao_37": [
                3
            ],
            "questao_38": null,
            "questao_39": null,
            "questao_40": null,
            "questao_41": null,
            "questao_42": null,
            "questao_43": null,
            "questao_44": null
        }
    },
    "{\"avaliacao_id\": \"175574\", \"curso_id\": \"175568\", \"estudante_id\": \"76408\", \"filename\": \"69944.jpg\"}": {
        "qrcode": {
            "curso_id": "175568",
            "avaliacao_id": "175574",
            "estudante_id": "76408",
            "filename": "69944.jpg"
        },
        "campo_de_presenca": {
            "0": "Marcado",
            "1": null,
            "2": null,
            "3": null
        },
        "questoes_retangulos": {
            "questao_1": [
                1
            ],
            "questao_2": [
                3
            ],
            "questao_3": [
                0
            ],
            "questao_4": [
                3
            ],
            "questao_5": [
                3
            ],
            "questao_6": [
                3
            ],
            "questao_7": null,
            "questao_8": null,
            "questao_9": null,
            "questao_10": null,
            "questao_11": null,
            "questao_12": [
                3
            ],
            "questao_13": [
                2
            ],
            "questao_14": [
                2
            ],
            "questao_15": [
                3
            ],
            "questao_16": [
                0
            ],
            "questao_17": [
                2
            ],
            "questao_18": null,
            "questao_19": null,
            "questao_20": null,
            "questao_21": null,
            "questao_22": null,
            "questao_23": [
                0
            ],
            "questao_24": [
                1
            ],
            "questao_25": [
                3
            ],
            "questao_26": [
                2
            ],
            "questao_27": [
                1
            ],
            "questao_28": [
                3
            ],
            "questao_29": [
                2
            ],
            "questao_30": null,
            "questao_31": null,
            "questao_32": null,
            "questao_33": null,
            "questao_34": [
                0
            ],
            "questao_35": [
                0
            ],
            "questao_36": [
                1
            ],
            "questao_37": [
                3
            ],
            "questao_38": [
                1
            ],
            "questao_39": null,
            "questao_40": null,
            "questao_41": null,
            "questao_42": null,
            "questao_43": null,
            "questao_44": null
        }
    },
    "{\"avaliacao_id\": \"175574\", \"curso_id\": \"175568\", \"estudante_id\": \"76412\", \"filename\": \"69947.jpg\"}": {
        "qrcode": {
            "curso_id": "175568",
            "avaliacao_id": "175574",
            "estudante_id": "76412",
            "filename": "69947.jpg"
        },
        "campo_de_presenca": {
            "0": "Marcado",
            "1": null,
            "2": null,
            "3": null
        },
        "questoes_retangulos": {
            "questao_1": [
                1
            ],
            "questao_2": [
                3
            ],
            "questao_3": [
                0
            ],
            "questao_4": [
                3
            ],
            "questao_5": [
                3
            ],
            "questao_6": null,
            "questao_7": null,
            "questao_8": null,
            "questao_9": null,
            "questao_10": null,
            "questao_11": null,
            "questao_12": [
                3
            ],
            "questao_13": [
                2
            ],
            "questao_14": [
                2
            ],
            "questao_15": [
                3
            ],
            "questao_16": null,
            "questao_17": [
                2
            ],
            "questao_18": null,
            "questao_19": null,
            "questao_20": null,
            "questao_21": null,
            "questao_22": null,
            "questao_23": [
                0
            ],
            "questao_24": [
                0
            ],
            "questao_25": [
                3
            ],
            "questao_26": [
                0
            ],
            "questao_27": [
                0
            ],
            "questao_28": [
                3
            ],
            "questao_29": null,
            "questao_30": null,
            "questao_31": null,
            "questao_32": null,
            "questao_33": null,
            "questao_34": [
                1
            ],
            "questao_35": [
                0
            ],
            "questao_36": [
                1
            ],
            "questao_37": [
                3
            ],
            "questao_38": [
                2
            ],
            "questao_39": [
                0
            ],
            "questao_40": null,
            "questao_41": null,
            "questao_42": null,
            "questao_43": null,
            "questao_44": null
        }
    },
    "{\"avaliacao_id\": \"175574\", \"curso_id\": \"175568\", \"estudante_id\": \"81586\", \"filename\": \"69941.jpg\"}": {
        "qrcode": {
            "curso_id": "175568",
            "avaliacao_id": "175574",
            "estudante_id": "81586",
            "filename": "69941.jpg"
        },
        "campo_de_presenca": {
            "0": "Marcado",
            "1": null,
            "2": null,
            "3": null
        },
        "questoes_retangulos": {
            "questao_1": [
                1
            ],
            "questao_2": [
                3
            ],
            "questao_3": [
                0
            ],
            "questao_4": [
                3
            ],
            "questao_5": [
                3
            ],
            "questao_6": [
                3
            ],
            "questao_7": [
                1
            ],
            "questao_8": [
                2
            ],
            "questao_9": [
                2
            ],
            "questao_10": [
                2
            ],
            "questao_11": [
                2
            ],
            "questao_12": [
                3
            ],
            "questao_13": [
                3
            ],
            "questao_14": [
                2
            ],
            "questao_15": [
                0
            ],
            "questao_16": [
                0
            ],
            "questao_17": [
                2
            ],
            "questao_18": [
                0
            ],
            "questao_19": [
                2
            ],
            "questao_20": [
                3
            ],
            "questao_21": [
                2
            ],
            "questao_22": [
                0
            ],
            "questao_23": [
                1
            ],
            "questao_24": [
                1
            ],
            "questao_25": [
                3
            ],
            "questao_26": [
                0
            ],
            "questao_27": [
                1
            ],
            "questao_28": [
                2
            ],
            "questao_29": [
                1
            ],
            "questao_30": [
                2
            ],
            "questao_31": [
                1
            ],
            "questao_32": null,
            "questao_33": null,
            "questao_34": [
                2
            ],
            "questao_35": [
                0
            ],
            "questao_36": [
                1
            ],
            "questao_37": [
                3
            ],
            "questao_38": [
                2
            ],
            "questao_39": null,
            "questao_40": null,
            "questao_41": null,
            "questao_42": null,
            "questao_43": null,
            "questao_44": null
        }
    },
    "{\"avaliacao_id\": \"175574\", \"curso_id\": \"175568\", \"estudante_id\": \"76409\", \"filename\": \"69945.jpg\"}": {
        "qrcode": {
            "curso_id": "175568",
            "avaliacao_id": "175574",
            "estudante_id": "76409",
            "filename": "69945.jpg"
        },
        "campo_de_presenca": {
            "0": "Marcado",
            "1": null,
            "2": null,
            "3": null
        },
        "questoes_retangulos": {
            "questao_1": [
                1
            ],
            "questao_2": [
                3
            ],
            "questao_3": [
                0
            ],
            "questao_4": [
                0
            ],
            "questao_5": [
                1
            ],
            "questao_6": [
                3
            ],
            "questao_7": [
                1
            ],
            "questao_8": null,
            "questao_9": null,
            "questao_10": null,
            "questao_11": null,
            "questao_12": [
                3
            ],
            "questao_13": [
                2
            ],
            "questao_14": [
                3
            ],
            "questao_15": [
                3
            ],
            "questao_16": [
                0
            ],
            "questao_17": [
                2
            ],
            "questao_18": [
                0
            ],
            "questao_19": [
                2
            ],
            "questao_20": null,
            "questao_21": null,
            "questao_22": null,
            "questao_23": [
                1
            ],
            "questao_24": [
                1
            ],
            "questao_25": [
                3
            ],
            "questao_26": [
                2
            ],
            "questao_27": [
                1
            ],
            "questao_28": [
                2
            ],
            "questao_29": null,
            "questao_30": null,
            "questao_31": null,
            "questao_32": null,
            "questao_33": null,
            "questao_34": [
                2
            ],
            "questao_35": [
                0
            ],
            "questao_36": [
                1
            ],
            "questao_37": null,
            "questao_38": null,
            "questao_39": null,
            "questao_40": null,
            "questao_41": null,
            "questao_42": null,
            "questao_43": null,
            "questao_44": null
        }
    },
    "{\"avaliacao_id\": \"175574\", \"curso_id\": \"175568\", \"estudante_id\": \"77719\", \"filename\": \"69940.jpg\"}": {
        "qrcode": {
            "curso_id": "175568",
            "avaliacao_id": "175574",
            "estudante_id": "77719",
            "filename": "69940.jpg"
        },
        "campo_de_presenca": {
            "0": "Marcado",
            "1": null,
            "2": "Marcado",
            "3": null
        },
        "questoes_retangulos": {
            "questao_1": null,
            "questao_2": null,
            "questao_3": null,
            "questao_4": null,
            "questao_5": null,
            "questao_6": null,
            "questao_7": null,
            "questao_8": null,
            "questao_9": null,
            "questao_10": null,
            "questao_11": null,
            "questao_12": null,
            "questao_13": null,
            "questao_14": null,
            "questao_15": null,
            "questao_16": null,
            "questao_17": null,
            "questao_18": null,
            "questao_19": null,
            "questao_20": null,
            "questao_21": null,
            "questao_22": null,
            "questao_23": null,
            "questao_24": null,
            "questao_25": null,
            "questao_26": null,
            "questao_27": null,
            "questao_28": null,
            "questao_29": null,
            "questao_30": null,
            "questao_31": null,
            "questao_32": null,
            "questao_33": null,
            "questao_34": null,
            "questao_35": null,
            "questao_36": null,
            "questao_37": null,
            "questao_38": null,
            "questao_39": null,
            "questao_40": null,
            "questao_41": null,
            "questao_42": null,
            "questao_43": null,
            "questao_44": null
        }
    },
    "{\"avaliacao_id\": \"175574\", \"curso_id\": \"175568\", \"estudante_id\": \"76405\", \"filename\": \"69943.jpg\"}": {
        "qrcode": {
            "curso_id": "175568",
            "avaliacao_id": "175574",
            "estudante_id": "76405",
            "filename": "69943.jpg"
        },
        "campo_de_presenca": {
            "0": "Marcado",
            "1": null,
            "2": null,
            "3": null
        },
        "questoes_retangulos": {
            "questao_1": [
                1
            ],
            "questao_2": [
                3
            ],
            "questao_3": [
                0
            ],
            "questao_4": [
                3
            ],
            "questao_5": [
                0
            ],
            "questao_6": [
                3
            ],
            "questao_7": null,
            "questao_8": null,
            "questao_9": null,
            "questao_10": null,
            "questao_11": null,
            "questao_12": [
                3
            ],
            "questao_13": [
                2
            ],
            "questao_14": [
                2
            ],
            "questao_15": [
                3
            ],
            "questao_16": [
                0
            ],
            "questao_17": [
                2
            ],
            "questao_18": [
                0
            ],
            "questao_19": null,
            "questao_20": null,
            "questao_21": null,
            "questao_22": null,
            "questao_23": [
                0
            ],
            "questao_24": [
                1
            ],
            "questao_25": [
                3
            ],
            "questao_26": [
                2
            ],
            "questao_27": [
                0
            ],
            "questao_28": [
                3
            ],
            "questao_29": [
                0
            ],
            "questao_30": [
                2
            ],
            "questao_31": [
                1
            ],
            "questao_32": null,
            "questao_33": null,
            "questao_34": [
                1
            ],
            "questao_35": [
                0
            ],
            "questao_36": [
                1
            ],
            "questao_37": [
                3
            ],
            "questao_38": [
                2
            ],
            "questao_39": [
                3
            ],
            "questao_40": [
                0
            ],
            "questao_41": null,
            "questao_42": null,
            "questao_43": null,
            "questao_44": null
        }
    },
    "{\"avaliacao_id\": \"175497\", \"curso_id\": \"175491\", \"estudante_id\": \"76413\", \"filename\": \"69948.jpg\"}": {
        "qrcode": {
            "curso_id": "175491",
            "avaliacao_id": "175497",
            "estudante_id": "76413",
            "filename": "69948.jpg"
        },
        "campo_de_presenca": {
            "0": "Marcado",
            "1": null,
            "2": null,
            "3": null
        },
        "questoes_retangulos": {
            "questao_1": [
                3
            ],
            "questao_2": [
                1
            ],
            "questao_3": [
                1
            ],
            "questao_4": [
                0
            ],
            "questao_5": [
                3
            ],
            "questao_6": [
                2
            ],
            "questao_7": [
                0
            ],
            "questao_8": null,
            "questao_9": null,
            "questao_10": null,
            "questao_11": null,
            "questao_12": [
                1
            ],
            "questao_13": [
                2
            ],
            "questao_14": [
                3
            ],
            "questao_15": [
                1
            ],
            "questao_16": [
                0
            ],
            "questao_17": [
                1
            ],
            "questao_18": [
                1
            ],
            "questao_19": null,
            "questao_20": null,
            "questao_21": null,
            "questao_22": null,
            "questao_23": [
                1
            ],
            "questao_24": [
                0
            ],
            "questao_25": [
                2
            ],
            "questao_26": [
                1
            ],
            "questao_27": [
                3
            ],
            "questao_28": null,
            "questao_29": null,
            "questao_30": null,
            "questao_31": null,
            "questao_32": null,
            "questao_33": null,
            "questao_34": [
                1
            ],
            "questao_35": null,
            "questao_36": null,
            "questao_37": null,
            "questao_38": null,
            "questao_39": null,
            "questao_40": null,
            "questao_41": null,
            "questao_42": null,
            "questao_43": null,
            "questao_44": null
        }
    },
    "{\"avaliacao_id\": \"175497\", \"curso_id\": \"175491\", \"estudante_id\": \"76414\", \"filename\": \"69951.jpg\"}": {
        "qrcode": {
            "curso_id": "175491",
            "avaliacao_id": "175497",
            "estudante_id": "76414",
            "filename": "69951.jpg"
        },
        "campo_de_presenca": {
            "0": "Marcado",
            "1": null,
            "2": null,
            "3": null
        },
        "questoes_retangulos": {
            "questao_1": [
                3
            ],
            "questao_2": [
                1
            ],
            "questao_3": [
                2
            ],
            "questao_4": [
                0
            ],
            "questao_5": [
                0
            ],
            "questao_6": [
                2
            ],
            "questao_7": null,
            "questao_8": null,
            "questao_9": null,
            "questao_10": null,
            "questao_11": null,
            "questao_12": [
                3
            ],
            "questao_13": [
                2
            ],
            "questao_14": [
                3
            ],
            "questao_15": [
                1
            ],
            "questao_16": [
                0
            ],
            "questao_17": [
                2
            ],
            "questao_18": [
                1
            ],
            "questao_19": null,
            "questao_20": null,
            "questao_21": null,
            "questao_22": null,
            "questao_23": [
                2
            ],
            "questao_24": [
                0
            ],
            "questao_25": [
                2
            ],
            "questao_26": [
                0
            ],
            "questao_27": null,
            "questao_28": null,
            "questao_29": null,
            "questao_30": null,
            "questao_31": null,
            "questao_32": null,
            "questao_33": null,
            "questao_34": null,
            "questao_35": null,
            "questao_36": null,
            "questao_37": null,
            "questao_38": null,
            "questao_39": null,
            "questao_40": null,
            "questao_41": null,
            "questao_42": null,
            "questao_43": null,
            "questao_44": null
        }
    },
    "{\"avaliacao_id\": \"175497\", \"curso_id\": \"175491\", \"estudante_id\": \"48295\", \"filename\": \"69949.jpg\"}": {
        "qrcode": {
            "curso_id": "175491",
            "avaliacao_id": "175497",
            "estudante_id": "48295",
            "filename": "69949.jpg"
        },
        "campo_de_presenca": {
            "0": "Marcado",
            "1": null,
            "2": null,
            "3": null
        },
        "questoes_retangulos": {
            "questao_1": [
                3
            ],
            "questao_2": [
                1
            ],
            "questao_3": [
                2
            ],
            "questao_4": [
                0
            ],
            "questao_5": [
                3
            ],
            "questao_6": [
                2
            ],
            "questao_7": [
                0
            ],
            "questao_8": null,
            "questao_9": null,
            "questao_10": null,
            "questao_11": null,
            "questao_12": [
                0
            ],
            "questao_13": [
                2
            ],
            "questao_14": [
                3
            ],
            "questao_15": [
                1
            ],
            "questao_16": [
                0
            ],
            "questao_17": [
                3
            ],
            "questao_18": [
                1
            ],
            "questao_19": null,
            "questao_20": null,
            "questao_21": null,
            "questao_22": null,
            "questao_23": [
                1
            ],
            "questao_24": [
                1
            ],
            "questao_25": [
                2
            ],
            "questao_26": [
                1
            ],
            "questao_27": null,
            "questao_28": null,
            "questao_29": null,
            "questao_30": null,
            "questao_31": null,
            "questao_32": null,
            "questao_33": null,
            "questao_34": null,
            "questao_35": null,
            "questao_36": null,
            "questao_37": null,
            "questao_38": null,
            "questao_39": null,
            "questao_40": null,
            "questao_41": null,
            "questao_42": null,
            "questao_43": null,
            "questao_44": null
        }
    },
    "{\"avaliacao_id\": \"175497\", \"curso_id\": \"175491\", \"estudante_id\": \"76415\", \"filename\": \"69952.jpg\"}": {
        "qrcode": {
            "curso_id": "175491",
            "avaliacao_id": "175497",
            "estudante_id": "76415",
            "filename": "69952.jpg"
        },
        "campo_de_presenca": {
            "0": "Marcado",
            "1": null,
            "2": null,
            "3": null
        },
        "questoes_retangulos": {
            "questao_1": [
                3
            ],
            "questao_2": [
                1
            ],
            "questao_3": [
                2
            ],
            "questao_4": [
                0
            ],
            "questao_5": [
                3
            ],
            "questao_6": [
                1
            ],
            "questao_7": [
                0
            ],
            "questao_8": [
                1
            ],
            "questao_9": [
                3
            ],
            "questao_10": null,
            "questao_11": null,
            "questao_12": [
                2
            ],
            "questao_13": [
                2
            ],
            "questao_14": [
                3
            ],
            "questao_15": [
                1
            ],
            "questao_16": [
                0
            ],
            "questao_17": [
                0
            ],
            "questao_18": [
                1
            ],
            "questao_19": [
                3
            ],
            "questao_20": [
                2
            ],
            "questao_21": [
                3
            ],
            "questao_22": null,
            "questao_23": [
                1
            ],
            "questao_24": [
                1
            ],
            "questao_25": [
                1
            ],
            "questao_26": [
                3
            ],
            "questao_27": [
                1
            ],
            "questao_28": [
                0
            ],
            "questao_29": [
                0
            ],
            "questao_30": null,
            "questao_31": null,
            "questao_32": null,
            "questao_33": null,
            "questao_34": null,
            "questao_35": [
                1
            ],
            "questao_36": null,
            "questao_37": null,
            "questao_38": [
                0
            ],
            "questao_39": null,
            "questao_40": null,
            "questao_41": null,
            "questao_42": null,
            "questao_43": null,
            "questao_44": null
        }
    },
    "{\"avaliacao_id\": \"175497\", \"curso_id\": \"175491\", \"estudante_id\": \"82418\", \"filename\": \"69950.jpg\"}": {
        "qrcode": {
            "curso_id": "175491",
            "avaliacao_id": "175497",
            "estudante_id": "82418",
            "filename": "69950.jpg"
        },
        "campo_de_presenca": {
            "0": "Marcado",
            "1": null,
            "2": null,
            "3": null
        },
        "questoes_retangulos": {
            "questao_1": [
                3
            ],
            "questao_2": [
                1
            ],
            "questao_3": [
                2
            ],
            "questao_4": [
                0
            ],
            "questao_5": [
                3
            ],
            "questao_6": [
                2
            ],
            "questao_7": [
                0
            ],
            "questao_8": null,
            "questao_9": null,
            "questao_10": null,
            "questao_11": null,
            "questao_12": [
                2
            ],
            "questao_13": [
                2
            ],
            "questao_14": [
                3
            ],
            "questao_15": [
                3
            ],
            "questao_16": [
                0
            ],
            "questao_17": [
                2
            ],
            "questao_18": [
                1
            ],
            "questao_19": null,
            "questao_20": null,
            "questao_21": null,
            "questao_22": null,
            "questao_23": [
                1
            ],
            "questao_24": [
                0
            ],
            "questao_25": [
                0
            ],
            "questao_26": [
                0
            ],
            "questao_27": null,
            "questao_28": null,
            "questao_29": null,
            "questao_30": null,
            "questao_31": null,
            "questao_32": null,
            "questao_33": null,
            "questao_34": null,
            "questao_35": null,
            "questao_36": null,
            "questao_37": null,
            "questao_38": null,
            "questao_39": null,
            "questao_40": null,
            "questao_41": null,
            "questao_42": null,
            "questao_43": null,
            "questao_44": null
        }
    },
    "{\"avaliacao_id\": \"175580\", \"curso_id\": \"175574\", \"estudante_id\": \"75242\", \"filename\": \"69957.jpg\"}": {
        "qrcode": {
            "curso_id": "175574",
            "avaliacao_id": "175580",
            "estudante_id": "75242",
            "filename": "69957.jpg"
        },
        "campo_de_presenca": {
            "0": "Marcado",
            "1": null,
            "2": null,
            "3": null
        },
        "questoes_retangulos": {
            "questao_1": null,
            "questao_2": null,
            "questao_3": null,
            "questao_4": null,
            "questao_5": null,
            "questao_6": null,
            "questao_7": null,
            "questao_8": null,
            "questao_9": null,
            "questao_10": null,
            "questao_11": null,
            "questao_12": null,
            "questao_13": null,
            "questao_14": null,
            "questao_15": null,
            "questao_16": null,
            "questao_17": null,
            "questao_18": null,
            "questao_19": null,
            "questao_20": null,
            "questao_21": [
                0
            ],
            "questao_22": null,
            "questao_23": null,
            "questao_24": null,
            "questao_25": null,
            "questao_26": null,
            "questao_27": null,
            "questao_28": null,
            "questao_29": null,
            "questao_30": null,
            "questao_31": null,
            "questao_32": null,
            "questao_33": null,
            "questao_34": null,
            "questao_35": null,
            "questao_36": null,
            "questao_37": null,
            "questao_38": null,
            "questao_39": null,
            "questao_40": null,
            "questao_41": null,
            "questao_42": null,
            "questao_43": null,
            "questao_44": null
        }
    },
    "{\"avaliacao_id\": \"175580\", \"curso_id\": \"175574\", \"estudante_id\": \"79157\", \"filename\": \"69956.jpg\"}": {
        "qrcode": {
            "curso_id": "175574",
            "avaliacao_id": "175580",
            "estudante_id": "79157",
            "filename": "69956.jpg"
        },
        "campo_de_presenca": {
            "0": "Marcado",
            "1": null,
            "2": null,
            "3": null
        },
        "questoes_retangulos": {
            "questao_1": null,
            "questao_2": null,
            "questao_3": null,
            "questao_4": null,
            "questao_5": null,
            "questao_6": null,
            "questao_7": null,
            "questao_8": null,
            "questao_9": [
                1
            ],
            "questao_10": [
                0
            ],
            "questao_11": null,
            "questao_12": null,
            "questao_13": null,
            "questao_14": null,
            "questao_15": null,
            "questao_16": null,
            "questao_17": null,
            "questao_18": null,
            "questao_19": null,
            "questao_20": [
                2
            ],
            "questao_21": [
                0
            ],
            "questao_22": null,
            "questao_23": null,
            "questao_24": null,
            "questao_25": null,
            "questao_26": null,
            "questao_27": null,
            "questao_28": null,
            "questao_29": null,
            "questao_30": null,
            "questao_31": null,
            "questao_32": null,
            "questao_33": null,
            "questao_34": null,
            "questao_35": null,
            "questao_36": null,
            "questao_37": null,
            "questao_38": null,
            "questao_39": null,
            "questao_40": null,
            "questao_41": null,
            "questao_42": null,
            "questao_43": null,
            "questao_44": null
        }
    },
    "{\"avaliacao_id\": \"175580\", \"curso_id\": \"175574\", \"estudante_id\": \"45250\", \"filename\": \"69954.jpg\"}": {
        "qrcode": {
            "curso_id": "175574",
            "avaliacao_id": "175580",
            "estudante_id": "45250",
            "filename": "69954.jpg"
        },
        "campo_de_presenca": {
            "0": "Marcado",
            "1": null,
            "2": null,
            "3": null
        },
        "questoes_retangulos": {
            "questao_1": null,
            "questao_2": null,
            "questao_3": null,
            "questao_4": null,
            "questao_5": null,
            "questao_6": null,
            "questao_7": null,
            "questao_8": null,
            "questao_9": null,
            "questao_10": null,
            "questao_11": null,
            "questao_12": null,
            "questao_13": null,
            "questao_14": null,
            "questao_15": null,
            "questao_16": null,
            "questao_17": null,
            "questao_18": null,
            "questao_19": null,
            "questao_20": null,
            "questao_21": null,
            "questao_22": null,
            "questao_23": null,
            "questao_24": null,
            "questao_25": null,
            "questao_26": null,
            "questao_27": null,
            "questao_28": null,
            "questao_29": null,
            "questao_30": null,
            "questao_31": null,
            "questao_32": null,
            "questao_33": null,
            "questao_34": null,
            "questao_35": null,
            "questao_36": null,
            "questao_37": null,
            "questao_38": null,
            "questao_39": null,
            "questao_40": null,
            "questao_41": null,
            "questao_42": null,
            "questao_43": null,
            "questao_44": null
        }
    },
    "{\"avaliacao_id\": \"175580\", \"curso_id\": \"175574\", \"estudante_id\": \"75241\", \"filename\": \"69955.jpg\"}": {
        "qrcode": {
            "curso_id": "175574",
            "avaliacao_id": "175580",
            "estudante_id": "75241",
            "filename": "69955.jpg"
        },
        "campo_de_presenca": {
            "0": null,
            "1": null,
            "2": "Marcado",
            "3": null
        },
        "questoes_retangulos": {
            "questao_1": null,
            "questao_2": null,
            "questao_3": null,
            "questao_4": null,
            "questao_5": null,
            "questao_6": null,
            "questao_7": null,
            "questao_8": null,
            "questao_9": null,
            "questao_10": null,
            "questao_11": null,
            "questao_12": null,
            "questao_13": null,
            "questao_14": null,
            "questao_15": null,
            "questao_16": null,
            "questao_17": null,
            "questao_18": null,
            "questao_19": null,
            "questao_20": null,
            "questao_21": null,
            "questao_22": null,
            "questao_23": null,
            "questao_24": null,
            "questao_25": null,
            "questao_26": null,
            "questao_27": null,
            "questao_28": null,
            "questao_29": null,
            "questao_30": null,
            "questao_31": null,
            "questao_32": null,
            "questao_33": null,
            "questao_34": null,
            "questao_35": null,
            "questao_36": null,
            "questao_37": null,
            "questao_38": null,
            "questao_39": null,
            "questao_40": null,
            "questao_41": null,
            "questao_42": null,
            "questao_43": null,
            "questao_44": null
        }
    },
    "{\"avaliacao_id\": \"175580\", \"curso_id\": \"175574\", \"estudante_id\": \"75247\", \"filename\": \"69960.jpg\"}": {
        "qrcode": {
            "curso_id": "175574",
            "avaliacao_id": "175580",
            "estudante_id": "75247",
            "filename": "69960.jpg"
        },
        "campo_de_presenca": {
            "0": "Marcado",
            "1": null,
            "2": null,
            "3": null
        },
        "questoes_retangulos": {
            "questao_1": null,
            "questao_2": null,
            "questao_3": null,
            "questao_4": null,
            "questao_5": null,
            "questao_6": null,
            "questao_7": null,
            "questao_8": null,
            "questao_9": [
                1
            ],
            "questao_10": [
                0
            ],
            "questao_11": null,
            "questao_12": null,
            "questao_13": null,
            "questao_14": null,
            "questao_15": null,
            "questao_16": null,
            "questao_17": null,
            "questao_18": null,
            "questao_19": null,
            "questao_20": [
                2
            ],
            "questao_21": [
                0
            ],
            "questao_22": null,
            "questao_23": null,
            "questao_24": null,
            "questao_25": null,
            "questao_26": null,
            "questao_27": null,
            "questao_28": null,
            "questao_29": null,
            "questao_30": null,
            "questao_31": null,
            "questao_32": [
                1
            ],
            "questao_33": null,
            "questao_34": null,
            "questao_35": null,
            "questao_36": null,
            "questao_37": null,
            "questao_38": null,
            "questao_39": null,
            "questao_40": null,
            "questao_41": null,
            "questao_42": null,
            "questao_43": null,
            "questao_44": null
        }
    },
    "{\"avaliacao_id\": \"175580\", \"curso_id\": \"175574\", \"estudante_id\": \"75243\", \"filename\": \"69958.jpg\"}": {
        "qrcode": {
            "curso_id": "175574",
            "avaliacao_id": "175580",
            "estudante_id": "75243",
            "filename": "69958.jpg"
        },
        "campo_de_presenca": {
            "0": "Marcado",
            "1": null,
            "2": null,
            "3": null
        },
        "questoes_retangulos": {
            "questao_1": null,
            "questao_2": null,
            "questao_3": null,
            "questao_4": null,
            "questao_5": null,
            "questao_6": null,
            "questao_7": null,
            "questao_8": null,
            "questao_9": null,
            "questao_10": null,
            "questao_11": null,
            "questao_12": null,
            "questao_13": null,
            "questao_14": null,
            "questao_15": null,
            "questao_16": null,
            "questao_17": null,
            "questao_18": null,
            "questao_19": null,
            "questao_20": null,
            "questao_21": null,
            "questao_22": null,
            "questao_23": null,
            "questao_24": null,
            "questao_25": null,
            "questao_26": null,
            "questao_27": null,
            "questao_28": null,
            "questao_29": null,
            "questao_30": null,
            "questao_31": null,
            "questao_32": null,
            "questao_33": null,
            "questao_34": null,
            "questao_35": null,
            "questao_36": null,
            "questao_37": null,
            "questao_38": null,
            "questao_39": null,
            "questao_40": null,
            "questao_41": null,
            "questao_42": null,
            "questao_43": null,
            "questao_44": null
        }
    },
    "{\"avaliacao_id\": \"175580\", \"curso_id\": \"175574\", \"estudante_id\": \"75244\", \"filename\": \"69959.jpg\"}": {
        "qrcode": {
            "curso_id": "175574",
            "avaliacao_id": "175580",
            "estudante_id": "75244",
            "filename": "69959.jpg"
        },
        "campo_de_presenca": {
            "0": "Marcado",
            "1": null,
            "2": null,
            "3": null
        },
        "questoes_retangulos": {
            "questao_1": null,
            "questao_2": null,
            "questao_3": null,
            "questao_4": null,
            "questao_5": null,
            "questao_6": null,
            "questao_7": null,
            "questao_8": null,
            "questao_9": [
                1
            ],
            "questao_10": [
                0
            ],
            "questao_11": null,
            "questao_12": null,
            "questao_13": null,
            "questao_14": null,
            "questao_15": null,
            "questao_16": null,
            "questao_17": null,
            "questao_18": null,
            "questao_19": [
                3
            ],
            "questao_20": [
                2
            ],
            "questao_21": [
                1
            ],
            "questao_22": null,
            "questao_23": null,
            "questao_24": null,
            "questao_25": null,
            "questao_26": null,
            "questao_27": null,
            "questao_28": null,
            "questao_29": null,
            "questao_30": null,
            "questao_31": null,
            "questao_32": null,
            "questao_33": null,
            "questao_34": null,
            "questao_35": null,
            "questao_36": null,
            "questao_37": null,
            "questao_38": null,
            "questao_39": null,
            "questao_40": null,
            "questao_41": null,
            "questao_42": null,
            "questao_43": null,
            "questao_44": null
        }
    },
    "{\"avaliacao_id\": \"175580\", \"curso_id\": \"175574\", \"estudante_id\": \"75230\", \"filename\": \"69953.jpg\"}": {
        "qrcode": {
            "curso_id": "175574",
            "avaliacao_id": "175580",
            "estudante_id": "75230",
            "filename": "69953.jpg"
        },
        "campo_de_presenca": {
            "0": "Marcado",
            "1": null,
            "2": null,
            "3": null
        },
        "questoes_retangulos": {
            "questao_1": null,
            "questao_2": null,
            "questao_3": null,
            "questao_4": null,
            "questao_5": null,
            "questao_6": null,
            "questao_7": null,
            "questao_8": null,
            "questao_9": null,
            "questao_10": null,
            "questao_11": null,
            "questao_12": null,
            "questao_13": null,
            "questao_14": null,
            "questao_15": null,
            "questao_16": null,
            "questao_17": null,
            "questao_18": null,
            "questao_19": null,
            "questao_20": [
                2
            ],
            "questao_21": [
                0
            ],
            "questao_22": null,
            "questao_23": null,
            "questao_24": null,
            "questao_25": null,
            "questao_26": null,
            "questao_27": null,
            "questao_28": null,
            "questao_29": null,
            "questao_30": null,
            "questao_31": null,
            "questao_32": null,
            "questao_33": null,
            "questao_34": null,
            "questao_35": null,
            "questao_36": null,
            "questao_37": null,
            "questao_38": null,
            "questao_39": null,
            "questao_40": null,
            "questao_41": null,
            "questao_42": null,
            "questao_43": null,
            "questao_44": null
        }
    },
    "{\"avaliacao_id\": \"175580\", \"curso_id\": \"175574\", \"estudante_id\": \"75249\", \"filename\": \"69961.jpg\"}": {
        "qrcode": {
            "curso_id": "175574",
            "avaliacao_id": "175580",
            "estudante_id": "75249",
            "filename": "69961.jpg"
        },
        "campo_de_presenca": {
            "0": "Marcado",
            "1": null,
            "2": null,
            "3": null
        },
        "questoes_retangulos": {
            "questao_1": null,
            "questao_2": null,
            "questao_3": null,
            "questao_4": null,
            "questao_5": null,
            "questao_6": null,
            "questao_7": null,
            "questao_8": null,
            "questao_9": null,
            "questao_10": [
                0
            ],
            "questao_11": null,
            "questao_12": null,
            "questao_13": null,
            "questao_14": null,
            "questao_15": null,
            "questao_16": null,
            "questao_17": null,
            "questao_18": null,
            "questao_19": null,
            "questao_20": null,
            "questao_21": [
                0
            ],
            "questao_22": null,
            "questao_23": null,
            "questao_24": null,
            "questao_25": null,
            "questao_26": null,
            "questao_27": null,
            "questao_28": null,
            "questao_29": null,
            "questao_30": null,
            "questao_31": null,
            "questao_32": null,
            "questao_33": null,
            "questao_34": null,
            "questao_35": null,
            "questao_36": null,
            "questao_37": null,
            "questao_38": null,
            "questao_39": null,
            "questao_40": null,
            "questao_41": null,
            "questao_42": null,
            "questao_43": null,
            "questao_44": null
        }
    },
    "{\"avaliacao_id\": \"175580\", \"curso_id\": \"175574\", \"estudante_id\": \"75231\", \"filename\": \"69962.jpg\"}": {
        "qrcode": {
            "curso_id": "175574",
            "avaliacao_id": "175580",
            "estudante_id": "75231",
            "filename": "69962.jpg"
        },
        "campo_de_presenca": {
            "0": "Marcado",
            "1": null,
            "2": null,
            "3": null
        },
        "questoes_retangulos": {
            "questao_1": null,
            "questao_2": null,
            "questao_3": null,
            "questao_4": null,
            "questao_5": null,
            "questao_6": null,
            "questao_7": null,
            "questao_8": null,
            "questao_9": null,
            "questao_10": [
                0
            ],
            "questao_11": null,
            "questao_12": null,
            "questao_13": null,
            "questao_14": null,
            "questao_15": null,
            "questao_16": null,
            "questao_17": null,
            "questao_18": null,
            "questao_19": null,
            "questao_20": [
                2
            ],
            "questao_21": [
                0
            ],
            "questao_22": null,
            "questao_23": null,
            "questao_24": null,
            "questao_25": null,
            "questao_26": null,
            "questao_27": null,
            "questao_28": null,
            "questao_29": null,
            "questao_30": null,
            "questao_31": null,
            "questao_32": null,
            "questao_33": null,
            "questao_34": null,
            "questao_35": null,
            "questao_36": null,
            "questao_37": null,
            "questao_38": null,
            "questao_39": null,
            "questao_40": null,
            "questao_41": null,
            "questao_42": null,
            "questao_43": null,
            "questao_44": null
        }
    },
    "{\"avaliacao_id\": \"175580\", \"curso_id\": \"175574\", \"estudante_id\": \"75234\", \"filename\": \"69964.jpg\"}": {
        "qrcode": {
            "curso_id": "175574",
            "avaliacao_id": "175580",
            "estudante_id": "75234",
            "filename": "69964.jpg"
        },
        "campo_de_presenca": {
            "0": "Marcado",
            "1": null,
            "2": null,
            "3": null
        },
        "questoes_retangulos": {
            "questao_1": null,
            "questao_2": null,
            "questao_3": null,
            "questao_4": null,
            "questao_5": null,
            "questao_6": null,
            "questao_7": null,
            "questao_8": null,
            "questao_9": [
                1
            ],
            "questao_10": [
                3
            ],
            "questao_11": null,
            "questao_12": null,
            "questao_13": null,
            "questao_14": null,
            "questao_15": null,
            "questao_16": null,
            "questao_17": null,
            "questao_18": null,
            "questao_19": null,
            "questao_20": [
                1
            ],
            "questao_21": [
                0
            ],
            "questao_22": null,
            "questao_23": null,
            "questao_24": null,
            "questao_25": null,
            "questao_26": null,
            "questao_27": null,
            "questao_28": null,
            "questao_29": null,
            "questao_30": null,
            "questao_31": null,
            "questao_32": null,
            "questao_33": null,
            "questao_34": null,
            "questao_35": null,
            "questao_36": null,
            "questao_37": null,
            "questao_38": null,
            "questao_39": null,
            "questao_40": null,
            "questao_41": null,
            "questao_42": null,
            "questao_43": null,
            "questao_44": null
        }
    },
    "{\"avaliacao_id\": \"175580\", \"curso_id\": \"175574\", \"estudante_id\": \"75232\", \"filename\": \"69963.jpg\"}": {
        "qrcode": {
            "curso_id": "175574",
            "avaliacao_id": "175580",
            "estudante_id": "75232",
            "filename": "69963.jpg"
        },
        "campo_de_presenca": {
            "0": "Marcado",
            "1": null,
            "2": null,
            "3": null
        },
        "questoes_retangulos": {
            "questao_1": null,
            "questao_2": null,
            "questao_3": null,
            "questao_4": null,
            "questao_5": null,
            "questao_6": null,
            "questao_7": null,
            "questao_8": null,
            "questao_9": [
                1
            ],
            "questao_10": [
                0
            ],
            "questao_11": null,
            "questao_12": null,
            "questao_13": null,
            "questao_14": null,
            "questao_15": null,
            "questao_16": null,
            "questao_17": null,
            "questao_18": null,
            "questao_19": null,
            "questao_20": [
                2
            ],
            "questao_21": [
                2
            ],
            "questao_22": null,
            "questao_23": null,
            "questao_24": null,
            "questao_25": null,
            "questao_26": null,
            "questao_27": null,
            "questao_28": null,
            "questao_29": null,
            "questao_30": [
                0
            ],
            "questao_31": null,
            "questao_32": null,
            "questao_33": null,
            "questao_34": null,
            "questao_35": null,
            "questao_36": null,
            "questao_37": null,
            "questao_38": null,
            "questao_39": null,
            "questao_40": null,
            "questao_41": null,
            "questao_42": null,
            "questao_43": null,
            "questao_44": null
        }
    },
    "{\"avaliacao_id\": \"175580\", \"curso_id\": \"175574\", \"estudante_id\": \"75236\", \"filename\": \"69965.jpg\"}": {
        "qrcode": {
            "curso_id": "175574",
            "avaliacao_id": "175580",
            "estudante_id": "75236",
            "filename": "69965.jpg"
        },
        "campo_de_presenca": {
            "0": "Marcado",
            "1": null,
            "2": null,
            "3": null
        },
        "questoes_retangulos": {
            "questao_1": null,
            "questao_2": null,
            "questao_3": null,
            "questao_4": null,
            "questao_5": null,
            "questao_6": null,
            "questao_7": null,
            "questao_8": null,
            "questao_9": null,
            "questao_10": [
                3
            ],
            "questao_11": null,
            "questao_12": null,
            "questao_13": null,
            "questao_14": null,
            "questao_15": null,
            "questao_16": null,
            "questao_17": null,
            "questao_18": null,
            "questao_19": null,
            "questao_20": null,
            "questao_21": [
                1
            ],
            "questao_22": null,
            "questao_23": null,
            "questao_24": null,
            "questao_25": null,
            "questao_26": null,
            "questao_27": null,
            "questao_28": null,
            "questao_29": null,
            "questao_30": null,
            "questao_31": null,
            "questao_32": null,
            "questao_33": null,
            "questao_34": null,
            "questao_35": null,
            "questao_36": null,
            "questao_37": null,
            "questao_38": null,
            "questao_39": null,
            "questao_40": null,
            "questao_41": null,
            "questao_42": null,
            "questao_43": null,
            "questao_44": null
        }
    },
    "{\"avaliacao_id\": \"175580\", \"curso_id\": \"175574\", \"estudante_id\": \"75240\", \"filename\": \"69968.jpg\"}": {
        "qrcode": {
            "curso_id": "175574",
            "avaliacao_id": "175580",
            "estudante_id": "75240",
            "filename": "69968.jpg"
        },
        "campo_de_presenca": {
            "0": "Marcado",
            "1": null,
            "2": null,
            "3": null
        },
        "questoes_retangulos": {
            "questao_1": null,
            "questao_2": null,
            "questao_3": null,
            "questao_4": null,
            "questao_5": null,
            "questao_6": null,
            "questao_7": null,
            "questao_8": null,
            "questao_9": null,
            "questao_10": null,
            "questao_11": null,
            "questao_12": null,
            "questao_13": null,
            "questao_14": null,
            "questao_15": null,
            "questao_16": null,
            "questao_17": null,
            "questao_18": null,
            "questao_19": null,
            "questao_20": null,
            "questao_21": null,
            "questao_22": null,
            "questao_23": null,
            "questao_24": null,
            "questao_25": null,
            "questao_26": null,
            "questao_27": null,
            "questao_28": null,
            "questao_29": null,
            "questao_30": null,
            "questao_31": null,
            "questao_32": null,
            "questao_33": null,
            "questao_34": null,
            "questao_35": null,
            "questao_36": null,
            "questao_37": null,
            "questao_38": null,
            "questao_39": null,
            "questao_40": null,
            "questao_41": null,
            "questao_42": null,
            "questao_43": null,
            "questao_44": null
        }
    },
    "{\"avaliacao_id\": \"175580\", \"curso_id\": \"175574\", \"estudante_id\": \"75237\", \"filename\": \"69966.jpg\"}": {
        "qrcode": {
            "curso_id": "175574",
            "avaliacao_id": "175580",
            "estudante_id": "75237",
            "filename": "69966.jpg"
        },
        "campo_de_presenca": {
            "0": "Marcado",
            "1": null,
            "2": null,
            "3": null
        },
        "questoes_retangulos": {
            "questao_1": null,
            "questao_2": null,
            "questao_3": null,
            "questao_4": null,
            "questao_5": null,
            "questao_6": null,
            "questao_7": null,
            "questao_8": [
                3
            ],
            "questao_9": [
                1
            ],
            "questao_10": [
                3
            ],
            "questao_11": null,
            "questao_12": null,
            "questao_13": null,
            "questao_14": null,
            "questao_15": null,
            "questao_16": null,
            "questao_17": null,
            "questao_18": null,
            "questao_19": null,
            "questao_20": [
                2
            ],
            "questao_21": [
                0
            ],
            "questao_22": null,
            "questao_23": null,
            "questao_24": null,
            "questao_25": null,
            "questao_26": null,
            "questao_27": null,
            "questao_28": null,
            "questao_29": null,
            "questao_30": null,
            "questao_31": null,
            "questao_32": null,
            "questao_33": null,
            "questao_34": null,
            "questao_35": null,
            "questao_36": null,
            "questao_37": null,
            "questao_38": null,
            "questao_39": null,
            "questao_40": null,
            "questao_41": null,
            "questao_42": null,
            "questao_43": null,
            "questao_44": null
        }
    },
    "{\"avaliacao_id\": \"175580\", \"curso_id\": \"175574\", \"estudante_id\": \"75238\", \"filename\": \"69967.jpg\"}": {
        "qrcode": {
            "curso_id": "175574",
            "avaliacao_id": "175580",
            "estudante_id": "75238",
            "filename": "69967.jpg"
        },
        "campo_de_presenca": {
            "0": null,
            "1": null,
            "2": null,
            "3": "Marcado"
        },
        "questoes_retangulos": {
            "questao_1": null,
            "questao_2": null,
            "questao_3": null,
            "questao_4": null,
            "questao_5": null,
            "questao_6": null,
            "questao_7": null,
            "questao_8": null,
            "questao_9": null,
            "questao_10": null,
            "questao_11": null,
            "questao_12": null,
            "questao_13": null,
            "questao_14": null,
            "questao_15": null,
            "questao_16": null,
            "questao_17": null,
            "questao_18": null,
            "questao_19": null,
            "questao_20": null,
            "questao_21": null,
            "questao_22": null,
            "questao_23": null,
            "questao_24": null,
            "questao_25": null,
            "questao_26": null,
            "questao_27": null,
            "questao_28": null,
            "questao_29": null,
            "questao_30": null,
            "questao_31": null,
            "questao_32": null,
            "questao_33": null,
            "questao_34": null,
            "questao_35": null,
            "questao_36": null,
            "questao_37": null,
            "questao_38": null,
            "questao_39": null,
            "questao_40": null,
            "questao_41": null,
            "questao_42": null,
            "questao_43": null,
            "questao_44": null
        }
    },
    "{\"avaliacao_id\": \"175580\", \"curso_id\": \"175574\", \"estudante_id\": \"38605\", \"filename\": \"69969.jpg\"}": {
        "qrcode": {
            "curso_id": "175574",
            "avaliacao_id": "175580",
            "estudante_id": "38605",
            "filename": "69969.jpg"
        },
        "campo_de_presenca": {
            "0": "Marcado",
            "1": null,
            "2": null,
            "3": null
        },
        "questoes_retangulos": {
            "questao_1": null,
            "questao_2": null,
            "questao_3": null,
            "questao_4": null,
            "questao_5": null,
            "questao_6": null,
            "questao_7": null,
            "questao_8": null,
            "questao_9": [
                1
            ],
            "questao_10": [
                0
            ],
            "questao_11": null,
            "questao_12": null,
            "questao_13": null,
            "questao_14": null,
            "questao_15": null,
            "questao_16": null,
            "questao_17": null,
            "questao_18": null,
            "questao_19": null,
            "questao_20": [
                2
            ],
            "questao_21": [
                0
            ],
            "questao_22": null,
            "questao_23": null,
            "questao_24": null,
            "questao_25": null,
            "questao_26": null,
            "questao_27": null,
            "questao_28": null,
            "questao_29": null,
            "questao_30": null,
            "questao_31": null,
            "questao_32": null,
            "questao_33": null,
            "questao_34": null,
            "questao_35": null,
            "questao_36": null,
            "questao_37": null,
            "questao_38": null,
            "questao_39": null,
            "questao_40": null,
            "questao_41": null,
            "questao_42": null,
            "questao_43": null,
            "questao_44": null
        }
    }
}